<?xml version="1.0" encoding="UTF-8"?>
<!DOCTYPE mapper PUBLIC "-//mybatis.org//DTD Mapper 3.0//EN" "http://mybatis.org/dtd/mybatis-3-mapper.dtd">
<mapper namespace="playwithme.model.FavoriteMapper">
	<!-- Interest테이블에 회원 추가 -->
	<insert id="in">
		insert into INTEREST(Member_ID,INTER_NUM)
		values(#{member_id},interest_seq.nextval)
		
	</insert>
	<!-- interest_NAME 테이블에 선택한 관심사 등록 -->
	<insert id="inup" parameterType="playwithme.model.FavoriteDTO">
		insert into INTEREST_NAME (INTER_NUM,interest)
		select i.inter_num,#{interest}
		from INTEREST i
		where i.Member_id = #{member_id}

	</insert>
	<!-- Interest테이블에 회원 조회 -->
	<select id="incheck"
		parameterType="playwithme.model.FavoriteDTO"
		resultType="playwithme.model.FavoriteDTO">
		SELECT*
		from INTEREST
		WHERE MEMBER_ID = #{member_id}
	</select>
	<!-- interest_NAME 테이블에 관심사 전부삭제 -->
	<delete id="favdel" parameterType="playwithme.model.FavoriteDTO">
		DELETE FROM INTEREST_NAME
		WHERE INTER_NUM = (SELECT inter_num FROM INTEREST WHERE Member_id =
		#{member_id})

	</delete>
	<!-- interest NUM 맞는 관심사 가져오기 -->
	<select id="findfav"
		parameterType="playwithme.model.FavoriteDTO"
		resultType="playwithme.model.FavoriteDTO">
		SELECT*
		FROM INTEREST_NAME
		WHERE INTER_NUM = #{INTER_NUM}
	</select>
	<!-- id에 맞는 interest NUM 가져오기 -->
	<select id="findnum" parameterType="string" resultType="int">
		SELECT inter_num
		FROM interest
		WHERE member_id = #{member_id}
	</select>
</mapper>