<?xml version="1.0" encoding="UTF-8"?>
<!DOCTYPE mapper PUBLIC "-//mybatis.org//DTD Mapper 3.0//EN" "http://mybatis.org/dtd/mybatis-3-mapper.dtd">
<mapper namespace="playwithme.model.MemberMapper">
	<!-- 회원가입 정보 -->
	<insert id="join" parameterType="playwithme.model.MemberDTO">
		insert into NA_MEMBER(MEMBER_ID,PW,AGE,M_NAME,GENDER,MBTI) values(
      #{member_Id},
      #{pw},
      #{age},
      #{m_Name},
      #{gender},
      #{mbti}
      )
	</insert>

	<!-- 로그인 정보 -->
	<select id="login" parameterType="playwithme.model.MemberDTO"
		resultType="playwithme.model.MemberDTO">
		select * from NA_MEMBER 
		where member_Id=#{member_Id} and
		pw=#{pw}
	</select>

	
<!-- 사용자 정보 불러오기 -->
	<select id="get" parameterType="string"
		resultType="playwithme.model.MemberDTO">
		select *
		from NA_MEMBER
		where MEMBER_ID = #{member_Id}
	</select>
	
<!-- 이미지,닉네임변경 -->
	<update id="img" parameterType="playwithme.model.MemberDTO">
			update NA_MEMBER
			set M_PROFILE = #{m_Profile} ,M_NAME = #{m_Name} where MEMBER_ID = #{member_Id}
	</update>

<!-- 비밀번호 변경 -->
	<update id="pw" parameterType="playwithme.model.MemberDTO">

		update NA_MEMBER
		set pw = #{pw}
		where MEMBER_ID = #{member_Id}
	</update>

<!-- 친구 리스트 불러오기 -->
	<select id="selectfriendlist"
		parameterType="playwithme.model.FriendListDTO" resultType="string">
		SELECT
		F_MEMBER_ID
		FROM FRIEND
		WHERE MEMBER_ID = #{member_Id}
	</select>

<!-- 친구 추가 -->
	<insert id="friendAdd"
		parameterType="playwithme.model.FriendListDTO">
		INSERT INTO FRIEND (FRIEND_NUM,
		MEMBER_ID,
		F_MEMBER_ID,
		FRIENDCHAT_ROOM_NUM)
		VALUES (SEQ_FRIEND_NUM.nextval,
		#{member_Id},
		#{f_Member_Id},
		#{friendchat_room_num})
		
	</insert>
	<!-- 친구 삭제 -->
<delete id="deleteFriend" parameterType="playwithme.model.FriendListDTO">
    DELETE FROM FRIEND
    WHERE MEMBER_ID = #{member_Id}
    AND F_MEMBER_ID = #{f_Member_Id}
</delete>

	<!-- 카카오로그인 -->
	<select id="kakaoLogin" parameterType="playwithme.model.MemberDTO" resultType="playwithme.model.MemberDTO">
		select * from NA_MEMBER where member_Id=#{member_Id} 
	</select>
	<!-- 중복된아이디 체크 -->
	<select id="checkDuplicateId" parameterType="java.lang.String" resultType="int">
    SELECT COUNT(*) FROM NA_MEMBER WHERE MEMBER_ID = #{member_Id}
</select>

<!-- 친구 중복값 찾기 -->
     <select id="isFriendDuplicate" resultType="int">
        SELECT COUNT(*) FROM FRIEND WHERE MEMBER_ID = #{member_id} AND F_MEMBER_ID = #{friend_name}
    </select>
    

</mapper>